<?xml version="1.0" encoding="UTF-8"?>
<!DOCTYPE sqlMapConfig PUBLIC "-//iBATIS.com//DTD SQL Map Config 2.0//EN"
    "http://www.ibatis.com/dtd/sql-map-config-2.dtd">

<!--  모든 sql문 선언 -->
<sqlMapConfig>
	<sqlMap resource="egovframework/sqlmap/let/cosamo/cosamo_SQL_Mysql.xml"></sqlMap>
<sqlMap resource="egovframework/sqlmap/let/cosamo/cosamo_Search_SQL_Mysql.xml"></sqlMap>
<sqlMap resource="egovframework/sqlmap/let/cosamo/cosamo_Modal_SQL_Mysql.xml"></sqlMap>
<sqlMap resource="egovframework/sqlmap/let/cosamo/cosamo_Insert_SQL_Mysql.xml"></sqlMap>
<sqlMap resource="egovframework/sqlmap/let/cosamo/cosamo_Delete_SQL_Mysql.xml"></sqlMap></sqlMapConfig>
