<?xml version="1.0" encoding="UTF-8"?>
<!DOCTYPE sqlMapConfig PUBLIC "-//iBATIS.com//DTD SQL Map Config 2.0//EN"
    "http://www.ibatis.com/dtd/sql-map-config-2.dtd">

<sqlMapConfig>
	<sqlMap resource="egovframework/sqlmap/let/cop/bbs/EgovBBSMaster_SQL_Mysql.xml"/>	
	<sqlMap resource="egovframework/sqlmap/let/cop/bbs/EgovBoard_SQL_Mysql.xml"/>
	<sqlMap resource="egovframework/sqlmap/let/cop/bbs/EgovTemplate_SQL_Mysql.xml"/>
	<sqlMap resource="egovframework/sqlmap/let/cop/bbs/EgovBBSUse_SQL_Mysql.xml"/>
	<sqlMap resource="egovframework/sqlmap/let/cop/xls/EgovZipManage_SQL_Mysql.xml"></sqlMap>
	<sqlMap resource="egovframework/sqlmap/let/cop/SolugateAjax_SQL_Mysql.xml"></sqlMap>
</sqlMapConfig>
