<?xml version="1.0" encoding="UTF-8"?>
<!DOCTYPE sqlMap PUBLIC "-//ibatis.apache.org//DTD SQL Map 2.0//EN" "http://ibatis.apache.org/dtd/sql-map-2.dtd" >
<sqlMap namespace="cosamo">
	<typeAlias alias="egovMap" type="egovframework.rte.psl.dataaccess.util.EgovMap" />
	<typeAlias alias="esVO" type="solugate.cosamo.vo.EngineStudyVO" />
	<typeAlias alias="ammVO" type="solugate.cosamo.vo.AnswerManagementVO" />
	<typeAlias alias="ammVO_m" type="solugate.cosamo.vo.AnswerManagementVO" />
	<typeAlias alias="ammVO_i" type="solugate.cosamo.vo.AnswerManagementVO" />
	<typeAlias alias="amVO_d" type="solugate.cosamo.vo.AnswerManagementVO" />
	<typeAlias alias="amVO_ac" type="solugate.cosamo.vo.AnswerManagementVO" />
	<typeAlias alias="amVO_aw" type="solugate.cosamo.vo.AnswerManagementVO" />
	
	<!-- 음성상세보기 미디어경로 -->
	<select id="EngineStudyDAO.selectMediaPath" resultClass="egovMap">
		SELECT a.SP_PATH, b.VP_PATH
		FROM TB_SOUND_PATH a, TB_VIDEO_PATH b
		WHERE a.SP_FLAG > 1
	</select>
	
	<!-- 학습 완료 상세보기 -->
	
	<select id="EngineStudyDAO.showES" parameterClass="esVO" resultClass="egovMap">
	SELECT #answer# as kind, a.CA_TXT, a.CA_TYPE, a.CA_CATEGORY, a.CA_FB, a.CA_FB_PATH, 
	 b.E_VERSION, b.SND_PATH,
	(CASE
	WHEN #answer#="모범 답안" THEN a.CA_STD_PRON
	WHEN #answer#="오 답안" THEN c.WA_TXT
	END) as pron,
	(CASE
	WHEN #answer#="모범 답안" THEN a.CA_ACCURACY
	WHEN #answer#="오 답안" THEN c.WA_ACCURACY
	END) as accuracy
	FROM TB_CA_INFO a, TB_ANS_SOUND b, TB_WA_INFO c
	WHERE b.SND_NO = #sndKey# AND 
	(
	(#answer#="모범 답안" AND a.CA_NO = b.S_NO) 
	or 
	(#answer#="오 답안" AND c.WA_NO = b.S_NO and a.CA_NO = c.CA_NO)
	)
	</select>
	
	<!-- 학습 전 상세보기 -->
	
	<select id="EngineStudyDAO.showENS" parameterClass="esVO" resultClass="egovMap">
	SELECT #answer# as kind, a.CA_TXT, a.CA_TYPE, a.CA_CATEGORY, a.CA_FB, a.CA_FB_PATH,
	"New" as e_version,
	(CASE
	WHEN #answer#="모범 답안" THEN b.NC_SOUND_PATH
	WHEN #answer#="오 답안" THEN d.NW_SOUND_PATH
	END) as snd_path, 
	(CASE
	WHEN #answer#="모범 답안" THEN a.CA_STD_PRON
	WHEN #answer#="오 답안" THEN c.WA_TXT
	END) as pron,
	(CASE
	WHEN #answer#="모범 답안" THEN a.CA_ACCURACY
	WHEN #answer#="오 답안" THEN c.WA_ACCURACY
	END) as accuracy
	
	FROM TB_CA_INFO a, TB_NOT_STUDIED_CA b, TB_WA_INFO c, TB_NOT_STUDIED_WA d
	WHERE  
	(#answer#="모범 답안" AND b.NC_NO = #sndKey# AND a.CA_NO = b.CA_NO) 
	or 
	(#answer#="오 답안" AND d.NW_NO=#sndKey# AND c.WA_NO = d.WA_NO and a.CA_NO = c.CA_NO)
	
	</select>
	
	
	<!-- 학습 예정 상세보기 -->
	
	 <select id="EngineStudyDAO.showEPS" parameterClass="esVO" resultClass="egovMap">
	SELECT #answer# as kind, a.CA_TXT, a.CA_TYPE, a.CA_CATEGORY, a.CA_FB, a.CA_FB_PATH, 
	c.SND_PATH as snd_path,
	(CASE
	WHEN c.PS_FLAG=1 THEN "New"
	ELSE c.E_VERSION
	END) as version,
	(CASE
	WHEN #answer#="모범 답안" THEN a.CA_STD_PRON
	WHEN #answer#="오 답안" THEN b.WA_TXT
	END) as pron,
	(CASE
	WHEN #answer#="모범 답안" THEN a.CA_ACCURACY
	WHEN #answer#="오 답안" THEN b.WA_ACCURACY
	END) as accuracy

	FROM TB_CA_INFO a, TB_WA_INFO b, TB_PRE_STUDY_LIST c
	
	WHERE c.PS_NO = #sndKey# 
	and
	(
		(#answer#="모범 답안" AND a.CA_NO = c.S_NO) 
		or 
		(#answer#="오 답안" AND b.WA_NO = c.S_NO and a.CA_NO = b.CA_NO)
	)
		
	</select> 
	

	<!-- 답안 관리 모달 상세보기_모범답안 -->
	
	 <select id="CosamoAnswerManagementDAO.search_AMM" parameterClass="ammVO" resultClass="egovMap">
 
    (SELECT c.CA_TYPE ,c.CA_CATEGORY,c.CA_TXT,c.CA_STD_PRON,c.CA_FB,c.CA_SOUND_PATH,
		c.CA_FB_PATH,1 as waNo,1 as waTxt,1 as waAccuracy,1 as waTime
		
  	 FROM (TB_CA_INFO c) 
  	  WHERE c.CA_NO=#id# AND c.CA_D_FLAG=1 
 	)
 	
 	UNION
 	(SELECT c.CA_TYPE ,c.CA_CATEGORY,c.CA_TXT,c.CA_STD_PRON,c.CA_FB,c.CA_SOUND_PATH,
		c.CA_FB_PATH,w.WA_NO,w.WA_TXT,w.WA_ACCURACY,w.WA_TIME
		
  	 FROM TB_CA_INFO c, TB_WA_INFO w
  	 WHERE c.CA_NO=w.CA_NO AND c.CA_NO=#id# AND c.CA_D_FLAG=1 AND  w.WA_D_FLAG=1
 	)
 
   </select>
   

   	
   	
<!-- 답안 관리 모달 수정 초기로드_모범답안-->
	<statement id="CosamoAnswerManagementDAO.search_AMM_i" parameterClass="ammVO_i" resultClass="egovMap">
  (SELECT c.CA_TYPE ,c.CA_CATEGORY,c.CA_TXT,c.CA_STD_PRON,c.CA_FB,c.CA_SOUND_PATH,
		c.CA_FB_PATH,1 as waNo,1 as waTxt,1 as waAccuracy,1 as waTime
		
  	 FROM (TB_CA_INFO c) 
  	  WHERE c.CA_NO=#id# AND c.CA_D_FLAG=1 
 	)
 	
 	UNION
 	(SELECT c.CA_TYPE ,c.CA_CATEGORY,c.CA_TXT,c.CA_STD_PRON,c.CA_FB,c.CA_SOUND_PATH,
		c.CA_FB_PATH,w.WA_NO,w.WA_TXT,w.WA_ACCURACY,w.WA_TIME
		
  	 FROM TB_CA_INFO c, TB_WA_INFO w
  	 WHERE c.CA_NO=w.CA_NO AND c.CA_NO=#id# AND c.CA_D_FLAG=1 AND  w.WA_D_FLAG=1
 	)
 	
	</statement>
	

	
<!-- 답안 관리 모달 수정_모범답안-->	
	<statement id="CosamoAnswerManagementDAO.search_AMM_m" parameterClass="ammVO_m" resultClass="egovMap">
			UPDATE TB_CA_INFO
			SET CA_FB=#fb#
			WHERE CA_NO=#id#;		
			UPDATE TB_CA_INFO
			SET CA_STD_PRON=#inputS4#
			WHERE CA_NO=#id#
	</statement>
	

<!-- 답안 관리 모달 삭제-->	
	<statement id="CosamoAnswerManagementDAO.search_D" parameterClass="amVO_d" resultClass="egovMap">
		UPDATE TB_CA_INFO
		SET CA_D_FLAG=0 
		WHERE CA_NO=#id#;

	</statement>
	
<!-- 답안 관리 모범답안 추가 모달-->	
	<statement id="CosamoAnswerManagementDAO.addC_AM" parameterClass="amVO_ac" resultClass="egovMap">
			INSERT INTO TB_CA_INFO(CA_TXT,CA_TYPE,CA_CATEGORY,CA_FB,CA_FB_PATH,CA_STD_PRON,CA_SOUND_PATH,CA_D_FLAG,CA_ACCURACY)
			VALUES (#comboS1#,#comboS2#,#comboS3#,#fb#,#videoPath#,#inputS4#,#voicePath#,1,100);
	</statement>

<!-- 답안 관리 오답안 추가 모달-->	
	<statement id="CosamoAnswerManagementDAO.addW_AM" parameterClass="amVO_aw" resultClass="egovMap">
		INSERT INTO TB_WA_INFO(WA_TXT,CA_NO,WA_ACCURACY,WA_D_FLAG)
		SELECT DISTINCT #inputS4#, c.CA_NO , #acc#,  1
		FROM TB_CA_INFO c,TB_WA_INFO w
		WHERE c.CA_TXT=#inputS4#;
	</statement>	
	
	<!-- 엔진학습예정목록 불러오기-->	
	<statement id="CosamoSettingDAO.selectListMod" resultClass="egovMap">
	<!--  모범 -->
	SELECT a.E_VERSION, a.ES_SOUND_PATH, "모범 답안" as s1,
	b.CA_TYPE as s2, b.CA_CATEGORY as s3, b.CA_TXT as s4,
	b.CA_STD_PRON as s5, b.CA_ACCURACY as accuracy
	FROM TB_ENG_STUDY_LIST a, TB_CA_INFO b, TB_WA_INFO c
	WHERE a.S_FLAG=1 AND a.F_FLAG=0 AND b.CA_NO = a.S_NO
	 
	UNION ALL
	<!-- 오답 -->
	SELECT a.E_VERSION, a.ES_SOUND_PATH, "오 답안" as s1,
	b.CA_TYPE as s2, b.CA_CATEGORY as s3, b.CA_TXT as s4,
	c.WA_TXT as s5, c.WA_ACCURACY as accuracy
	FROM TB_ENG_STUDY_LIST a, TB_CA_INFO b, TB_WA_INFO c
	WHERE a.S_FLAG=2 AND a.F_FLAG=0 AND c.WA_NO = a.S_NO AND c.CA_NO = b.CA_NO
	 
		
	</statement>	
	
	</sqlMap>