<?xml version="1.0" encoding="UTF-8"?>
<!DOCTYPE sqlMap PUBLIC "-//ibatis.apache.org//DTD SQL Map 2.0//EN" "http://ibatis.apache.org/dtd/sql-map-2.dtd" >
<sqlMap namespace="cosamo">
	<typeAlias alias="egovMap"
		type="egovframework.rte.psl.dataaccess.util.EgovMap" />
	<typeAlias alias="esVO" type="solugate.cosamo.vo.EngineStudyVO" />
	<typeAlias  alias="amv_s_e_a" type="solugate.cosamo.vo.SettingESAVO"/>
	<typeAlias  alias="amv_s_e_m" type="solugate.cosamo.vo.SettingESMVO"/>

	<!-- 학습예정 목록에 추가 -->
	
	<!-- 학습완료에서 추가 -->
	<insert id="EngineStudyDAO.addES" parameterClass="esVO">
	INSERT INTO TB_PRE_STUDY_LIST(SND_FLAG, S_NO, SND_PATH, E_VERSION, PS_FLAG)
	SELECT SND_FLAG, S_NO, SND_PATH, E_VERSION, 2 
	FROM TB_ANS_SOUND a
	WHERE a.SND_NO = #sndKey#
	</insert>
	
	<!-- 학습전에서 추가 -->
	<!-- 모범 답안 -->
	<insert id="EngineStudyDAO.addENS" parameterClass="esVO">
	INSERT INTO TB_PRE_STUDY_LIST(SND_FLAG, S_NO, SND_PATH, E_VERSION, PS_FLAG)
	SELECT 1, a.CA_NO AS S_NO, a.NC_SOUND_PATH AS SND_PATH, 0, 1
	FROM TB_NOT_STUDIED_CA a
	WHERE a.NC_NO=#sndKey#
	</insert>
	
	<!-- 오답안 -->
	<insert id="EngineStudyDAO.addENS2" parameterClass="esVO">
	INSERT INTO TB_PRE_STUDY_LIST(SND_FLAG, S_NO, SND_PATH, E_VERSION, PS_FLAG)
	SELECT 2, a.WA_NO AS S_NO, a.NW_SOUND_PATH AS SND_PATH, 0, 1
	FROM TB_NOT_STUDIED_WA a
	WHERE a.NW_NO=#sndKey#
	</insert>
	
	
	<!-- 답안 추가(학습전 목록) -->
	
	<!-- 모범 답안 -->
	<insert id="ESModalDAO.insertCStudy" parameterClass="esVO">
	INSERT INTO TB_NOT_STUDIED_CA(CA_NO, NC_SOUND_PATH)
	SELECT a.CA_NO AS CA_NO, #sndPath# AS NC_SOUND_PATH
	FROM TB_CA_INFO a
	WHERE a.CA_TYPE=#study1# and a.CA_CATEGORY=#study2# and a.CA_TXT=#study3#
	</insert>
	
	<!--  오 답안 -->
	<insert id="ESModalDAO.insertWStudy" parameterClass="esVO">
	INSERT INTO TB_NOT_STUDIED_WA(WA_NO, NW_SOUND_PATH)
	SELECT a.WA_NO AS WA_NO, #sndPath# AS NW_SOUND_PATH
	FROM TB_WA_INFO a
	WHERE a.WA_TXT=#wrongAns# 
	</insert>
	
	
	
<!-- 설정-엔진학습 일정 새로추가 (예약, 활성화 상태 디폴트)-->
   <statement id="CosamoSettingDAO.add_ES" parameterClass="amv_s_e_a" >
   	<!-- 기존의 예약된 상태들 -> 취소로 바꾸고, 활성화 -> 비활성화로  -->
   	UPDATE TB_ENG_SCHEDULE SET TS_ACTIVATION=2
   	WHERE TS_ACTIVATION=1;
   	UPDATE TB_ENG_SCHEDULE SET TS_STATUS=3
   	WHERE TS_STATUS=5;
	<!-- 그 다음 새 일정 예약 -->
	INSERT INTO TB_ENG_SCHEDULE (TS_VERSION,TS_APPLY_TIME,TS_STUDY_TIME,TS_STATUS,TS_ACTIVATION)
	VALUE (#inputVer#,#startDate#,#studyDate#,5,1)
	</statement>
	
	<insert id="CosamoSettingDAO.add_ESP" parameterClass="amv_s_e_a">
	INSERT INTO TB_ENG_STUDY_LIST(E_VERSION, ES_SOUND_PATH, S_FLAG, S_NO)
	SELECT b.TS_VERSION AS E_VERSION, a.SND_PATH AS ES_SOUND_PATH,
	a.SND_FLAG AS S_FLAG, a.S_NO AS S_NO
	FROM TB_PRE_STUDY_LIST a, TB_ENG_SCHEDULE b
	WHERE a.PS_NO=#inputKey# AND 
	b.TS_NO = (SELECT MAX(TB_ENG_SCHEDULE.TS_NO) FROM TB_ENG_SCHEDULE)
	</insert>
		
<!-- 설정-엔진학습 일정 변경 -->
   <statement id="CosamoSettingDAO.mod_ES" parameterClass="amv_s_e_m" >
 	UPDATE  TB_ENG_SCHEDULE SET TS_ACTIVATION=2
	WHERE TS_NO=#no#;
	UPDATE  TB_ENG_SCHEDULE SET TS_STATUS=4
	WHERE TS_NO=#no#;
	
	INSERT INTO TB_ENG_SCHEDULE (TS_VERSION,TS_APPLY_TIME,TS_STUDY_TIME,TS_STATUS,TS_ACTIVATION)
	VALUE (#inputVer#,#startDate#,#studyDate#,5,1)
	</statement>
	
	
	
</sqlMap>