<?xml version="1.0" encoding="UTF-8"?>
<!DOCTYPE sqlMap PUBLIC "-//ibatis.apache.org//DTD SQL Map 2.0//EN" "http://ibatis.apache.org/dtd/sql-map-2.dtd" >
<sqlMap namespace="cosamo">
<typeAlias  alias="egovMap" type="egovframework.rte.psl.dataaccess.util.EgovMap"/>
<typeAlias  alias="rlVO" type="solugate.cosamo.vo.ResultListVO"/>
<typeAlias  alias="amv" type="solugate.cosamo.vo.AnswerManagementVO"/>
<typeAlias  alias="amv_s_u" type="solugate.cosamo.vo.SettingUserVO"/>
<typeAlias  alias="amv_s_u_d" type="solugate.cosamo.vo.SettingUserDVO"/>
<typeAlias  alias="amv_s_p" type="solugate.cosamo.vo.SettingPathVO"/>
<typeAlias  alias="amv_s_e" type="solugate.cosamo.vo.SettingESVO"/>
<typeAlias  alias="amv_s_e_s" type="solugate.cosamo.vo.SettingESSVO"/>
<typeAlias alias="esVO" type="solugate.cosamo.vo.EngineStudyVO" />
<typeAlias alias="rtVO" type="solugate.cosamo.vo.RealtimeGraphVO" />
<typeAlias alias="slVO" type="solugate.cosamo.vo.StatisticListVO" />
	
		
	<!-- ================ 실시간현황 ================-->
			
   <select id="RealtimeGraphDAO.searchRG" parameterClass="rtVO" resultClass="egovMap">
   <!-- 시간별 총 접속자 -->
   SELECT 0 as class, UL_START as start, NULL as count, NULL as version
   FROM TB_USER_LOG WHERE UL_START LIKE #totalD#
   UNION ALL
   <!-- 1급 -->
   SELECT 1 as class, NULL as start, COUNT(*) as count, NULL as version
   FROM TB_USER_LOG a, TB_USER_INFO b
   WHERE a.UL_START LIKE #totalD# AND b.U_NO=a.U_NO AND b.U_CLASS=1 AND a.UL_STATUS = 1
   UNION ALL
   <!-- 2급 -->
   SELECT 2 as class, NULL as start, COUNT(*)  as count, NULL as version
   FROM TB_USER_LOG a, TB_USER_INFO b
   WHERE a.UL_START LIKE #totalD# AND b.U_NO=a.U_NO AND b.U_CLASS=2 AND a.UL_STATUS = 1
   UNION ALL
   <!-- 3급 -->
   SELECT 3 as class, NULL as start, COUNT(*)  as count, NULL as version
   FROM TB_USER_LOG a, TB_USER_INFO b
   WHERE a.UL_START LIKE #totalD# AND b.U_NO=a.U_NO AND b.U_CLASS=3 AND a.UL_STATUS = 1
   UNION ALL
   <!-- 4급 -->
   SELECT 4 as class,NULL as start, COUNT(*)  as count, NULL as version
   FROM TB_USER_LOG a, TB_USER_INFO b
   WHERE a.UL_START LIKE #totalD# AND b.U_NO=a.U_NO AND b.U_CLASS=4 AND a.UL_STATUS = 1
   UNION ALL
   <!-- 5급 -->
   SELECT 5 as class, NULL as start, COUNT(*)  as count, NULL as version
   FROM TB_USER_LOG a, TB_USER_INFO b
   WHERE a.UL_START LIKE #totalD# AND b.U_NO=a.U_NO AND b.U_CLASS=5 AND a.UL_STATUS = 1
   UNION ALL
   <!-- 6급 -->
   SELECT 6 as class, NULL as start, COUNT(*)  as count, NULL as version
   FROM TB_USER_LOG a, TB_USER_INFO b
   WHERE a.UL_START LIKE #totalD# AND b.U_NO=a.U_NO AND b.U_CLASS=6
   UNION ALL
   <!-- 현재 실시간 접속자 수 -->
   SELECT 1000 as class, NULL as start, COUNT(*) as count, NULL as version
   FROM TB_USER_LOG
   WHERE UL_START LIKE #totalD# AND UL_STATUS = 1
   UNION ALL
   <!-- 학습별 접속자 수 -->
   <!-- 음절 -->
    SELECT 2001 as class, NULL as start, COUNT(*)  as count, NULL as version
    FROM TB_USER_STUDY_LOG  
    LEFT JOIN TB_CA_INFO
    ON TB_USER_STUDY_LOG.S_NO = TB_CA_INFO.CA_NO
    WHERE SL_START LIKE #totalD# AND CA_TYPE="음절 연습" AND SL_STATUS=1
    UNION ALL
    <!-- 단어 -->
    SELECT 2002 as class,NULL as start, COUNT(*)  as count, NULL as version
    FROM TB_USER_STUDY_LOG  
    LEFT JOIN TB_CA_INFO
    ON TB_USER_STUDY_LOG.S_NO = TB_CA_INFO.CA_NO
    WHERE SL_START LIKE #totalD# AND CA_TYPE="단어 연습" AND SL_STATUS=1
    UNION ALL
    <!-- 문장 -->
    SELECT 2003 as class, NULL as start, COUNT(*)  as count, NULL as version
    FROM TB_USER_STUDY_LOG
    LEFT JOIN TB_CA_INFO
    ON TB_USER_STUDY_LOG.S_NO = TB_CA_INFO.CA_NO  
    WHERE SL_START LIKE #totalD# AND CA_TYPE="문장 연습" AND SL_STATUS=1
    UNION ALL
   <!-- 오늘까지 누적 접속자 수 -->
   SELECT 1001 as class, NULL as start, COUNT(*) as count, NULL as version
   FROM TB_USER_LOG
   UNION ALL
   <!-- 총 회원 수 -->
   SELECT 1002 as class, NULL as start, COUNT(*) as count, NULL as version
   FROM TB_USER_INFO
   UNION ALL
   <!-- 현재 적용 엔진 -->
   SELECT 1003 as class, NULL as start, NULL as count, E_VERSION as version
   FROM TB_ENG_VER
   WHERE E_USEYN = 1
   UNION ALL
   <!-- 모범답안 수 -->
   SELECT 1004 as class, NULL as start, COUNT(*) as count, NULL as version
   FROM TB_CA_INFO
   UNION ALL
   <!--  오답안 수 -->
   SELECT 1005 as class, NULL as start, COUNT(*) as count, NULL as version
   FROM TB_WA_INFO
   </select>
  
	<!-- ================ 통계그래프 ================-->
	   
	<!-- 시간별, 일별, 월별 -->
   <select id="StatisticListDAO.searchUN" parameterClass="slVO" resultClass="egovMap">
   <!-- 총 접속자 -->
   SELECT 0 as class, UL_START as start, NULL as count
   FROM TB_USER_LOG WHERE UL_START LIKE #totalD#
   UNION ALL
   <!-- 1급 -->
   SELECT 1 as class, a.UL_START as start, NULL as count
   FROM TB_USER_LOG a, TB_USER_INFO b
   WHERE a.UL_START LIKE #totalD# AND b.U_NO=a.U_NO AND b.U_CLASS=1
   UNION ALL
   <!-- 2급 -->
   SELECT 2 as class, a.UL_START as start, NULL as count
   FROM TB_USER_LOG a, TB_USER_INFO b
   WHERE a.UL_START LIKE #totalD# AND b.U_NO=a.U_NO AND b.U_CLASS=2
   UNION ALL
   <!-- 3급 -->
   SELECT 3 as class, a.UL_START as start, NULL as count
   FROM TB_USER_LOG a, TB_USER_INFO b
   WHERE a.UL_START LIKE #totalD# AND b.U_NO=a.U_NO AND b.U_CLASS=3
   UNION ALL
   <!-- 4급 -->
   SELECT 4 as class, a.UL_START as start, NULL as count
   FROM TB_USER_LOG a, TB_USER_INFO b
   WHERE a.UL_START LIKE #totalD# AND b.U_NO=a.U_NO AND b.U_CLASS=4
   UNION ALL
   <!-- 5급 -->
   SELECT 5 as class, a.UL_START as start, NULL as count
   FROM TB_USER_LOG a, TB_USER_INFO b
   WHERE a.UL_START LIKE #totalD# AND b.U_NO=a.U_NO AND b.U_CLASS=5
   UNION ALL
   <!-- 6급 -->
   SELECT 6 as class, a.UL_START as start, NULL as count
   FROM TB_USER_LOG a, TB_USER_INFO b
   WHERE a.UL_START LIKE #totalD# AND b.U_NO=a.U_NO AND b.U_CLASS=6
   UNION ALL
   <!-- 현재 실시간 접속자 수 -->
   SELECT 1000 as class, UL_START as start, COUNT(*) as count
   FROM TB_USER_LOG
   WHERE UL_START LIKE #totalD2# AND UL_STATUS = 1
   UNION ALL
   <!-- 학습별 접속자 수 -->
   <!-- 음절 -->
    SELECT 2001 as class, SL_START as start, NULL as count
    FROM TB_USER_STUDY_LOG  
    LEFT JOIN TB_CA_INFO
    ON TB_USER_STUDY_LOG.S_NO = TB_CA_INFO.CA_NO
    WHERE SL_START LIKE #totalD# AND CA_TYPE="음절 연습"
    UNION ALL
    <!-- 단어 -->
    SELECT 2002 as class, SL_START as start, NULL as count
    FROM TB_USER_STUDY_LOG  
    LEFT JOIN TB_CA_INFO
    ON TB_USER_STUDY_LOG.S_NO = TB_CA_INFO.CA_NO
    WHERE SL_START LIKE #totalD# AND CA_TYPE="단어 연습"
    UNION ALL
    <!-- 문장 -->
    SELECT 2003 as class, SL_START as start, NULL as count
    FROM TB_USER_STUDY_LOG
    LEFT JOIN TB_CA_INFO
    ON TB_USER_STUDY_LOG.S_NO = TB_CA_INFO.CA_NO  
    WHERE SL_START LIKE #totalD# AND CA_TYPE="문장 연습"
   </select>
   
   <!-- 년별 -->
   <select id="StatisticListDAO.searchYear" parameterClass="slVO" resultClass="egovMap">
   <!-- 총 접속자 -->
   SELECT 0 as class, UL_START as start, NULL as count
   FROM TB_USER_LOG WHERE UL_START
   UNION ALL
   <!-- 1급 -->
   SELECT 1 as class, a.UL_START as start, NULL as count
   FROM TB_USER_LOG a, TB_USER_INFO b
   WHERE b.U_NO=a.U_NO AND b.U_CLASS=1
   UNION ALL
   <!-- 2급 -->
   SELECT 2 as class, a.UL_START as start, NULL as count
   FROM TB_USER_LOG a, TB_USER_INFO b
   WHERE b.U_NO=a.U_NO AND b.U_CLASS=2
   UNION ALL
   <!-- 3급 -->
   SELECT 3 as class, a.UL_START as start, NULL as count
   FROM TB_USER_LOG a, TB_USER_INFO b
   WHERE b.U_NO=a.U_NO AND b.U_CLASS=3
   UNION ALL
   <!-- 4급 -->
   SELECT 4 as class, a.UL_START as start, NULL as count
   FROM TB_USER_LOG a, TB_USER_INFO b
   WHERE b.U_NO=a.U_NO AND b.U_CLASS=4
   UNION ALL
   <!-- 5급 -->
   SELECT 5 as class, a.UL_START as start, NULL as count
   FROM TB_USER_LOG a, TB_USER_INFO b
   WHERE b.U_NO=a.U_NO AND b.U_CLASS=5
   UNION ALL
   <!-- 6급 -->
   SELECT 6 as class, a.UL_START as start, NULL as count
   FROM TB_USER_LOG a, TB_USER_INFO b
   WHERE b.U_NO=a.U_NO AND b.U_CLASS=6
   UNION ALL
   <!-- 현재 실시간 접속자 수 -->
   SELECT 1000 as class, UL_START as start, COUNT(*) as count
   FROM TB_USER_LOG
   WHERE UL_START LIKE #totalD2# AND UL_STATUS = 1
   UNION ALL
   <!-- 학습별 접속자 수 -->
   <!-- 음절 -->
    SELECT 2001 as class, SL_START as start, NULL as count
    FROM TB_USER_STUDY_LOG
    LEFT JOIN TB_CA_INFO
    ON TB_USER_STUDY_LOG.S_NO = TB_CA_INFO.CA_NO  
    WHERE CA_TYPE="음절 연습"
    UNION ALL
    <!-- 단어 -->
    SELECT 2002 as class, SL_START as start, NULL as count
    FROM TB_USER_STUDY_LOG  
    LEFT JOIN TB_CA_INFO
    ON TB_USER_STUDY_LOG.S_NO = TB_CA_INFO.CA_NO
    WHERE CA_TYPE="단어 연습"
    UNION ALL
    <!-- 문장 -->
    SELECT 2003 as class, SL_START as start, NULL as count
    FROM TB_USER_STUDY_LOG  
    LEFT JOIN TB_CA_INFO
    ON TB_USER_STUDY_LOG.S_NO = TB_CA_INFO.CA_NO
    WHERE CA_TYPE="문장 연습"
   </select>
   
   
   
     <!-- ================ 결과 리스트 ================-->
	<!-- 학습정확도추이 -->
   <select id="ResultListDAO.searchACC" resultClass="egovMap">
   SELECT S_TYPE, U_CLASS, 
   AA_ACC_1, AA_NUM_1, AA_ACC_2, AA_NUM_2, AA_ACC_3, AA_NUM_3, AA_ACC_4, AA_NUM_4, AA_ACC_5, AA_NUM_5
   FROM TB_ACCURACY
   WHERE S_TYPE > 0 
   </select>
   
   	<!-- 결과리스트 총 검색 -->
   <select id="ResultListDAO.searchAll" parameterClass="rlVO"  resultClass="egovMap">
  <!-- 음절 -->
		SELECT b.R_NO as num,1 as num2,a.U_ID,'음절 연습' as caType, d.CA_CATEGORY , d.CA_TXT ,
		c.WA_TXT ,c.WA_ACCURACY, b.E_VERSION, b.R_SOUND_PATH , b.R_TIME as time
		FROM TB_USER_INFO a, TB_SYLLABLE_RESULT b, TB_WA_INFO c , TB_CA_INFO d
		WHERE (b.U_NO=a.U_NO and b.W_NO=c.WA_NO and b.S_NO= d.CA_NO and c.WA_D_FLAG=1 and d.CA_D_FLAG=1
				and (#comboS1#='전체' or #comboS1#='음절 연습') 
				and((#comboVer#='전체') or ((NOT(#comboVer#='전체')) and b.E_VERSION=#comboVer#))
				and((#comboID#='전체') or ((NOT(#comboID#='전체')) and a.U_ID=#comboID#))
				<isNotEmpty property="inputAcc">
			    	<![CDATA[AND c.WA_ACCURACY >=#inputAcc# ]]>
				  </isNotEmpty>
				<isNotEmpty property="startDate">
			    	<![CDATA[AND b.R_TIME >=#startDate# ]]>
				</isNotEmpty>
				<isNotEmpty property="endDate">
			    	<![CDATA[AND b.R_TIME <=#endDate# ]]>
				</isNotEmpty>
				and ( ((NOT(#comboS4#='전체')) AND  c.WA_TXT=#comboS4#) 
					OR ((#comboS4#='전체') AND (NOT(#comboS3#='전체')) AND d.CA_TXT=#comboS3#) 
	          		OR((#comboS3#='전체') AND (NOT(#comboS2#='전체')) AND d.CA_CATEGORY=#comboS2#) 
	          		OR((#comboS2#='전체') AND (NOT(#comboS1#='전체')) AND d.CA_TYPE=#comboS1#) 
	          		OR (#comboS1#='전체'))
          )
		UNION ALL
	<!-- 단어 -->	
	SELECT b.R_NO as num,2 as num2,a.U_ID, '단어 연습' as caType , d.CA_CATEGORY , d.CA_TXT ,
		c.WA_TXT ,c.WA_ACCURACY, b.E_VERSION,b.R_SOUND_PATH ,b.R_TIME as time
		FROM TB_USER_INFO a, TB_WORD_RESULT b, TB_WA_INFO c , TB_CA_INFO d
		WHERE (b.U_NO=a.U_NO and b.W_NO=c.WA_NO and b.S_NO= d.CA_NO and c.WA_D_FLAG=1 and d.CA_D_FLAG=1
				 and (#comboS1#='전체' or #comboS1#='단어 연습')
				 and((#comboVer#='전체') or ((NOT(#comboVer#='전체')) and b.E_VERSION=#comboVer#))
				 and((#comboID#='전체') or ((NOT(#comboID#='전체')) and a.U_ID=#comboID#))
				<isNotEmpty property="inputAcc">
			    	<![CDATA[AND c.WA_ACCURACY >=#inputAcc# ]]>
				</isNotEmpty>
				<isNotEmpty property="startDate">
			    	<![CDATA[AND b.R_TIME >=#startDate# ]]>
				</isNotEmpty>
				<isNotEmpty property="endDate">
			    	<![CDATA[AND b.R_TIME <=#endDate# ]]>
				</isNotEmpty>
				and ( ((NOT(#comboS4#='전체')) AND  c.WA_TXT=#comboS4#) 
					OR ((#comboS4#='전체') AND (NOT(#comboS3#='전체')) AND d.CA_TXT=#comboS3#) 
	          		OR((#comboS3#='전체') AND (NOT(#comboS2#='전체')) AND d.CA_CATEGORY=#comboS2#) 
	          		OR((#comboS2#='전체') AND (NOT(#comboS1#='전체')) AND d.CA_TYPE=#comboS1#) 
	          		OR (#comboS1#='전체'))
          )
		UNION ALL
	<!-- 문장 -->
		SELECT b.R_NO as num,3 as num2,a.U_ID,'문장 연습' as caType , d.CA_CATEGORY , d.CA_TXT ,
		c.WA_TXT ,c.WA_ACCURACY, b.E_VERSION, b.R_SOUND_PATH ,b.R_TIME as time
		FROM TB_USER_INFO a, TB_SENTENCE_RESULT b, TB_WA_INFO c , TB_CA_INFO d
		WHERE (b.U_NO=a.U_NO and b.W_NO=c.WA_NO and b.S_NO= d.CA_NO and c.WA_D_FLAG=1 and d.CA_D_FLAG=1
				and (#comboS1#='전체' or #comboS1#='문장 연습')
				and((#comboVer#='전체') or ((NOT(#comboVer#='전체')) and b.E_VERSION=#comboVer#))
				and((#comboID#='전체') or ((NOT(#comboID#='전체')) and a.U_ID=#comboID#))
					<isNotEmpty property="inputAcc">
			    	<![CDATA[AND c.WA_ACCURACY >=#inputAcc# ]]>
				  </isNotEmpty>
				<isNotEmpty property="startDate">
			    	<![CDATA[AND b.R_TIME >=#startDate# ]]>
				</isNotEmpty>
				<isNotEmpty property="endDate">
			    	<![CDATA[AND b.R_TIME <=#endDate# ]]>
				</isNotEmpty>
				and ( ((NOT(#comboS4#='전체')) AND  c.WA_TXT=#comboS4#) 
					OR ((#comboS4#='전체') AND (NOT(#comboS3#='전체')) AND d.CA_TXT=#comboS3#) 
	          		OR((#comboS3#='전체') AND (NOT(#comboS2#='전체')) AND d.CA_CATEGORY=#comboS2#) 
	          		OR((#comboS2#='전체') AND (NOT(#comboS1#='전체')) AND d.CA_TYPE=#comboS1#) 
	          		OR (#comboS1#='전체'))
          )
		
		ORDER BY time DESC
		
   </select>
   
   
	<!-- ================ 엔진 학습 페이지 ================-->
	 <!-- 학습 완료 답안 검색 -->
   
   <select id="EngineStudyDAO.searchES1" parameterClass="esVO" resultClass="egovMap">
   SELECT DISTINCT #answer# as kind, a.CA_TXT, a.CA_TYPE, a.CA_CATEGORY, b.E_VERSION, b.SND_TIME,
   (CASE
   WHEN #answer#="모범 답안" THEN a.CA_ACCURACY
   WHEN #answer#="오 답안" THEN c.WA_ACCURACY
   END) as accuracy, 
   (CASE
   WHEN #answer#="모범 답안" THEN a.CA_STD_PRON
   WHEN #answer#="오 답안" THEN c.WA_TXT
   END) as pron,
   (CASE
   WHEN #answer#="모범 답안" THEN a.CA_NO
   WHEN #answer#="오 답안" THEN c.WA_NO
   END) as ans_key,  b.SND_PATH, b.SND_NO as snd_key
   
   FROM TB_CA_INFO a , TB_ANS_SOUND b, TB_WA_INFO c

   WHERE 
   ((#answer#="모범 답안" and b.SND_FLAG=1 and a.CA_NO=b.S_NO and a.CA_D_FLAG=1) <!-- 모범 -->
    or
    (#answer#="오 답안" and b.SND_FLAG=2 and c.WA_NO= b.S_NO and a.CA_NO=c.CA_NO and c.WA_D_FLAG=1)
   ) and (
   #searchFT#=2 <!-- 답안 선택만 함. 그외 필터 적용x -->
   <!-- 답안 외의 필터 적용 o -->
   or (#searchFT#=3 and #version#="전체" and a.CA_TYPE=#study1# and #study2#="전체")
   or (#searchFT#=3 and #version#="전체" and a.CA_CATEGORY=#study2# and #study3#="전체")
   or (#searchFT#=3 and #version#="전체" and a.CA_TXT=#study3# and #stdPron#="전체")
   or (#searchFT#=3 and #version#="전체" and a.CA_STD_PRON=#stdPron#)
   or (#searchFT#=3 and #version#="전체" and c.WA_TXT=#stdPron#)
   or (#searchFT#=3 and #version#="전체" and #study1#="전체")
   or (#searchFT#=3 and b.E_VERSION=#version# and a.CA_TYPE=#study1# and #study2#="전체")
   or (#searchFT#=3 and b.E_VERSION=#version# and a.CA_CATEGORY=#study2# and #study3#="전체")
   or (#searchFT#=3 and b.E_VERSION=#version# and a.CA_TXT=#study3# and #stdPron#="전체")
   or (#searchFT#=3 and b.E_VERSION=#version# and #answer#="모범 답안" and a.CA_STD_PRON=#stdPron#)
   or (#searchFT#=3 and b.E_VERSION=#version# and #answer#="오 답안" and c.WA_TXT=#stdPron#)
   or (#searchFT#=3 and b.E_VERSION=#version# and #study1#="전체")
   )
   ORDER BY (CASE WHEN #sort#="desc" THEN accuracy END) DESC,
   (CASE WHEN #sort#="asc" THEN accuracy END) ASC
   </select>
   
   <!-- 답안 전체 (모범, 오답) -->
    <select id="EngineStudyDAO.searchES2" parameterClass="esVO" resultClass="egovMap">
    SELECT DISTINCT a.CA_TXT, a.CA_TYPE, a.CA_CATEGORY, b.E_VERSION, b.SND_TIME,
   (CASE
   WHEN b.SND_FLAG=1 THEN "모범 답안"
   WHEN b.SND_FLAG=2 THEN "오 답안"
   END) as kind, 
   (CASE
   WHEN b.SND_FLAG=1 THEN a.CA_ACCURACY
   WHEN b.SND_FLAG=2 THEN c.WA_ACCURACY
   END) as accuracy, 
   (CASE
   WHEN b.SND_FLAG=1 THEN a.CA_STD_PRON
   WHEN b.SND_FLAG=2 THEN c.WA_TXT
   END) as pron,
   (CASE
   WHEN b.SND_FLAG=1 THEN a.CA_NO
   WHEN b.SND_FLAG=2 THEN c.WA_NO
   END) as ans_key, b.SND_PATH, b.SND_NO as snd_key
      
   FROM TB_CA_INFO a, TB_ANS_SOUND b, TB_WA_INFO c
   WHERE
   ( (b.SND_FLAG=1 and a.CA_NO=b.S_NO and a.CA_D_FLAG=1) <!-- 모범 -->
    or (b.SND_FLAG=2 and c.WA_NO= b.S_NO and a.CA_NO=c.CA_NO and c.WA_D_FLAG=1) )
   and (
   (#searchFT#=1) <!-- 검색필터 모두 초기값 -->
   <!-- 답안종류 선택 외의 필터 적용 o -->
   or (#searchFT#=4 and #version#="전체" and a.CA_TYPE=#study1# and #study2#="전체")
   or (#searchFT#=4 and #version#="전체" and a.CA_CATEGORY=#study2# and #study3#="전체")
   or (#searchFT#=4 and #version#="전체" and a.CA_TXT=#study3# and #stdPron#="전체")
   or (#searchFT#=4 and #version#="전체" and a.CA_STD_PRON=#stdPron#)
   or (#searchFT#=4 and #version#="전체" and c.WA_TXT=#stdPron#)
   or (#searchFT#=4 and #version#="전체" and #study1#="전체")
   or (#searchFT#=4 and b.E_VERSION=#version# and a.CA_TYPE=#study1# and #study2#="전체")
   or (#searchFT#=4 and b.E_VERSION=#version# and a.CA_CATEGORY=#study2# and #study3#="전체")
   or (#searchFT#=4 and b.E_VERSION=#version# and a.CA_TXT=#study3# and #stdPron#="전체")
   or (#searchFT#=4 and b.E_VERSION=#version# and b.SND_FLAG=1 and a.CA_STD_PRON=#stdPron#)
   or (#searchFT#=4 and b.E_VERSION=#version# and b.SND_FLAG=2 and c.WA_TXT=#stdPron#)
   or (#searchFT#=4 and b.E_VERSION=#version# and #study1#="전체")
   )
   
   ORDER BY (CASE WHEN #sort#="desc" THEN accuracy END) DESC,
   (CASE WHEN #sort#="asc" THEN accuracy END) ASC
   </select> 
   
   
   <!-- 답안 검색(input) -->
   <!-- 
   <select id="EngineStudyDAO.searchES3" parameterClass="esVO" resultClass="egovMap">
   SELECT DISTINCT a.CA_TXT, a.CA_TYPE, a.CA_CATEGORY, b.E_VERSION, b.SND_TIME,
   (CASE
   WHEN b.SND_FLAG=1 THEN "모범 답안"
   WHEN b.SND_FLAG=2 THEN "오 답안"
   END) as kind, 
   (CASE
   WHEN b.SND_FLAG=1 THEN a.CA_ACCURACY
   WHEN b.SND_FLAG=2 THEN c.WA_ACCURACY
   END) as accuracy, 
   (CASE
   WHEN b.SND_FLAG=1 THEN a.CA_STD_PRON
   WHEN b.SND_FLAG=2 THEN c.WA_TXT
   END) as pron,
   (CASE
   WHEN b.SND_FLAG=1 THEN a.CA_NO
   WHEN b.SND_FLAG=2 THEN c.WA_NO
   END) as ans_key,  b.SND_PATH,  b.SND_NO as snd_key
         
   FROM TB_CA_INFO a, TB_ANS_SOUND b, TB_WA_INFO c
   WHERE a.CA_TXT=#input# and
   ( (b.SND_FLAG=1 and a.CA_NO=b.S_NO and a.CA_D_FLAG=1) 
    or (b.SND_FLAG=2 and c.WA_NO= b.S_NO and a.CA_NO=c.CA_NO and c.WA_D_FLAG=1) )
   
   ORDER BY (CASE WHEN #sort#="desc" THEN accuracy END) DESC,
   (CASE WHEN #sort#="asc" THEN accuracy END) ASC
   </select>
   -->
   <!-- ********************************************************** -->
   
   <!-- 학습 전 답안 검색 -->
   <select id="EngineStudyDAO.searchENS1" parameterClass="esVO" resultClass="egovMap">
   SELECT DISTINCT #answer# as kind, a.CA_TXT, a.CA_TYPE, a.CA_CATEGORY, 
   (CASE
   WHEN #answer#="모범 답안" THEN a.CA_ACCURACY
   WHEN #answer#="오 답안" THEN c.WA_ACCURACY
   END) as accuracy, 
   (CASE
   WHEN #answer#="모범 답안" THEN a.CA_STD_PRON
   WHEN #answer#="오 답안" THEN c.WA_TXT
   END) as pron, 
   (CASE
   WHEN #answer#="모범 답안" THEN b.NC_SOUND_PATH
   WHEN #answer#="오 답안" THEN d.NW_SOUND_PATH
   END) as snd_path,
   (CASE
   WHEN #answer#="모범 답안" THEN b.NC_NO
   WHEN #answer#="오 답안" THEN d.NW_NO
   END) as snd_key, 
   (CASE
   WHEN #answer#="모범 답안" THEN  b.NC_TIME
   WHEN #answer#="오 답안" THEN d.NW_TIME
   END) as time
      
   FROM TB_CA_INFO a, TB_NOT_STUDIED_CA b, TB_WA_INFO c, TB_NOT_STUDIED_WA d
   WHERE 
   ( (#answer#="모범 답안" and a.CA_NO=b.CA_NO) 
   or (#answer#="오 답안" and c.CA_NO=a.CA_NO and c.WA_NO=d.WA_NO)
   )
   and (
   (#searchFT#=2) <!-- 모범답안 선택만 함. 그외 필터 적용x -->
   <!-- 모범 답안 외의 필터 적용 o -->
   or (#searchFT#=3 and a.CA_TYPE=#study1# and #study2#="전체")
   or (#searchFT#=3 and a.CA_CATEGORY=#study2# and #study3#="전체")
   or (#searchFT#=3 and a.CA_TXT=#study3# and #stdPron#="전체")
   or (#searchFT#=3 and #answer#="모범 답안" and a.CA_STD_PRON=#stdPron#)
   or (#searchFT#=3 and #answer#="오 답안" and c.WA_TXT=#stdPron#)
   or (#searchFT#=3 and #study1#="전체")
   )
   ORDER BY (CASE WHEN #sort#="desc" THEN accuracy END) DESC,
   (CASE WHEN #sort#="asc" THEN accuracy END) ASC
   </select>
   
   <!-- 답안 전체 (모범, 오답) -->
    <select id="EngineStudyDAO.searchENS2" parameterClass="esVO" resultClass="egovMap">
    SELECT "모범 답안" as kind, a.CA_TXT, a.CA_ACCURACY as accuracy, a.CA_TYPE,
   a.CA_CATEGORY, a.CA_STD_PRON as pron, b.NC_TIME, b.NC_SOUND_PATH as snd_path, b.NC_NO as snd_key
   FROM TB_CA_INFO a, TB_NOT_STUDIED_CA b
   WHERE (a.CA_NO=b.CA_NO) 
   and (
   (#searchFT#=1) <!-- 검색필터 모두 초기값 -->
   <!-- 답안종류 선택 외의 필터 적용 o -->
   or (#searchFT#=4 and a.CA_TYPE=#study1# and #study2#="전체")
   or (#searchFT#=4 and a.CA_CATEGORY=#study2# and #study3#="전체")
   or (#searchFT#=4 and a.CA_TXT=#study3# and #stdPron#="전체")
   or (#searchFT#=3 and a.CA_STD_PRON=#stdPron#)
   or (#searchFT#=4 and #study1#="전체")
   )
   UNION ALL
   SELECT "오 답안" as kind, e.CA_TXT,
   c.WA_ACCURACY as accuracy, e.CA_TYPE, e.CA_CATEGORY,
   c.WA_TXT as pron, d.NW_TIME as time, d.NW_SOUND_PATH as snd_path, d.NW_NO as snd_key
   FROM TB_WA_INFO c , TB_NOT_STUDIED_WA d, TB_CA_INFO e
   WHERE (c.CA_NO=e.CA_NO) and (c.WA_NO=d.WA_NO)
   and (
   (#searchFT#=1) <!-- 검색필터 모두 초기값 -->
   <!-- 답안종류 선택 외의 필터 적용 o -->
   or (#searchFT#=4 and e.CA_TYPE=#study1# and #study2#="전체")
   or (#searchFT#=4 and e.CA_CATEGORY=#study2# and #study3#="전체")
   or   (#searchFT#=4 and e.CA_TXT=#study3# and #stdPron#="전체")
   or (#searchFT#=3 and c.WA_TXT=#stdPron#)
   or (#searchFT#=4 and #study1#="전체")
   )
   
   ORDER BY (CASE WHEN #sort#="desc" THEN accuracy END) DESC,
   (CASE WHEN #sort#="asc" THEN accuracy END) ASC
   
   </select> 
   
   <!-- 답안 검색(input) -->
   <!-- 
   <select id="EngineStudyDAO.searchENS3" parameterClass="esVO" resultClass="egovMap">
    SELECT "모범 답안" as kind, a.CA_TXT, a.CA_ACCURACY as accuracy, a.CA_TYPE,
   a.CA_CATEGORY, a.CA_STD_PRON as pron, b.NC_TIME, b.NC_SOUND_PATH as snd_path, b.NC_NO as snd_key
   FROM TB_CA_INFO a, TB_NOT_STUDIED_CA b
   WHERE (a.CA_NO=b.CA_NO) and a.CA_TXT=#input#
   
   UNION ALL

   SELECT "오 답안" as kind, e.CA_TXT,
   c.WA_ACCURACY as accuracy, e.CA_TYPE, e.CA_CATEGORY,
   c.WA_TXT as pron, d.NW_TIME as time, d.NW_SOUND_PATH as snd_path, d.NW_NO as snd_key
   FROM TB_WA_INFO c , TB_NOT_STUDIED_WA d, TB_CA_INFO e
   WHERE (c.CA_NO=e.CA_NO) and (c.WA_NO=d.WA_NO) and e.CA_TXT=#input#
   
   ORDER BY (CASE WHEN #sort#="desc" THEN accuracy END) DESC,
   (CASE WHEN #sort#="asc" THEN accuracy END) ASC
   </select>
       -->
       
   <!-- ********************************************************** -->
   <!-- 학습 예정 답안 검색 -->   
   <select id="EngineStudyDAO.searchEPS1" parameterClass="esVO" resultClass="egovMap">
   SELECT DISTINCT a.CA_TXT, a.CA_TYPE, a.CA_CATEGORY, b.PS_TIME,
   b.SND_PATH as snd_path, b.PS_NO as snd_key,
   (CASE
   WHEN #answer#="모범 답안" THEN "모범 답안"
   WHEN #answer#="오 답안" THEN "오 답안"
   END) as kind, 
   (CASE
   WHEN #answer#="모범 답안" THEN a.CA_ACCURACY
   WHEN #answer#="오 답안" THEN c.WA_ACCURACY
   END) as accuracy, 
   (CASE
   WHEN #answer#="모범 답안" THEN a.CA_STD_PRON
   WHEN #answer#="오 답안" THEN c.WA_TXT
   END) as pron,
   (CASE
   WHEN b.PS_FLAG=1 THEN "New" <!-- 학습 전 -->
   WHEN b.PS_FLAG=2 THEN b.E_VERSION <!-- 학습 완료 -->
   END) as version
   
   FROM TB_CA_INFO a, TB_PRE_STUDY_LIST b, TB_WA_INFO c
   WHERE (
   (#answer#="모범 답안" and b.SND_FLAG=1 and a.CA_D_FLAG=1 and a.CA_NO=b.S_NO) 
   or (#answer#="오 답안" and b.SND_FLAG=2 and c.WA_D_FLAG=1 and c.WA_NO=b.S_NO and c.CA_NO=a.CA_NO)
    ) and   (
       <!-- 학습전,완료 버전 선택x -->
      ( 
      	(#searchFT#=3 and #version#="전체" and a.CA_TYPE=#study1# and #study2#="전체")
         or (#searchFT#=3 and #version#="전체" and a.CA_CATEGORY=#study2# and #study3#="전체")
         or (#searchFT#=3 and #version#="전체" and a.CA_TXT=#study3# and #stdPron#="전체")
         or (#searchFT#=3 and #version#="전체" and #answer#="모범 답안" and a.CA_STD_PRON=#stdPron#)
   		 or (#searchFT#=3 and #version#="전체" and #answer#="오 답안" and c.WA_TXT=#stdPron#)
         or (#searchFT#=3 and #version#="전체" and #study1#="전체")
         
      )
      or <!--  학습 전 -->
      (b.PS_FLAG=1 and 
        (
         #searchFT#=2<!-- 답안 선택만 함. 그외 필터 적용x -->
         <!-- 답안 외의 필터 적용 o -->
         or (#searchFT#=3 and #version#="New" and a.CA_TYPE=#study1# and #study2#="전체")
         or (#searchFT#=3 and #version#="New" and a.CA_CATEGORY=#study2# and #study3#="전체")
         or (#searchFT#=3 and #version#="New" and a.CA_TXT=#study3# and #stdPron#="전체")
         or (#searchFT#=3 and #version#="New" and #answer#="모범 답안" and a.CA_STD_PRON=#stdPron#)
   		 or (#searchFT#=3 and #version#="New" and #answer#="오 답안" and c.WA_TXT=#stdPron#)
         or (#searchFT#=3 and #version#="New" and #study1#="전체")
        ) 
      )
      or <!--  학습 완료 --> 
      (b.PS_FLAG=2 and 
        (
         #searchFT#=2  <!-- 답안 선택만 함. 그외 필터 적용x -->
         <!-- 답안 외의 필터 적용 o -->
         or (#searchFT#=3 and b.E_VERSION=#version# and a.CA_TYPE=#study1# and #study2#="전체")
         or (#searchFT#=3 and b.E_VERSION=#version# and a.CA_CATEGORY=#study2# and #study3#="전체")
         or (#searchFT#=3 and b.E_VERSION=#version# and a.CA_TXT=#study3# and #stdPron#="전체")
         or (#searchFT#=3 and b.E_VERSION=#version# and #answer#="모범 답안" and a.CA_STD_PRON=#stdPron#)
   		 or (#searchFT#=3 and b.E_VERSION=#version# and #answer#="오 답안" and c.WA_TXT=#stdPron#)
         or (#searchFT#=3 and b.E_VERSION=#version# and #study1#="전체")
        )
       )
    )
    
   ORDER BY (CASE WHEN #sort#="desc" THEN accuracy END) DESC,
   (CASE WHEN #sort#="asc" THEN accuracy END) ASC
</select>

   <!-- 답안 전체 (모범, 오답) -->
    <select id="EngineStudyDAO.searchEPS2" parameterClass="esVO" resultClass="egovMap">
    <!-- 모범 -->
    SELECT DISTINCT a.CA_TXT, a.CA_TYPE,   a.CA_CATEGORY, b.PS_TIME,
    b.SND_PATH as snd_path, b.PS_NO as snd_key,
   (CASE
   WHEN b.SND_FLAG=1 THEN "모범 답안"
   WHEN b.SND_FLAG=2 THEN "오 답안"
   END) as kind, 
   (CASE
   WHEN b.SND_FLAG=1 THEN a.CA_ACCURACY
   WHEN b.SND_FLAG=2 THEN c.WA_ACCURACY
   END) as accuracy, 
   (CASE
   WHEN b.SND_FLAG=1 THEN a.CA_STD_PRON
   WHEN b.SND_FLAG=2 THEN c.WA_TXT
   END) as pron,
   (CASE
   WHEN b.PS_FLAG=1 THEN "New" <!-- 학습 전 -->
   WHEN b.PS_FLAG=2 THEN b.E_VERSION <!-- 학습 완료 -->
   END) as version
   
   FROM TB_CA_INFO a, TB_PRE_STUDY_LIST b, TB_WA_INFO c 
   WHERE 
   ( (b.SND_FLAG=1 and a.CA_D_FLAG=1 and a.CA_NO=b.S_NO)
      or (b.SND_FLAG=2 and c.WA_D_FLAG=1 and c.WA_NO=b.S_NO and c.CA_NO=a.CA_NO) ) 
   and ( <!-- 학습전,완료 버전 선택x -->
      (
      	(#searchFT#=4 and #version#="전체" and a.CA_TYPE=#study1# and #study2#="전체")
         or (#searchFT#=4 and #version#="전체" and a.CA_CATEGORY=#study2# and #study3#="전체")
         or (#searchFT#=4 and #version#="전체" and a.CA_TXT=#study3# and #stdPron#="전체")
         or (#searchFT#=4 and #version#="전체" and b.SND_FLAG=1 and a.CA_STD_PRON=#stdPron#)
   		 or (#searchFT#=4 and #version#="전체" and b.SND_FLAG=2 and c.WA_TXT=#stdPron#)
         or (#searchFT#=4 and #version#="전체" and #study1#="전체") 
      )
      or <!--  학습 전 -->
      (b.PS_FLAG=1 and 
        (
         #searchFT#=1<!-- 모범답안 선택만 함. 그외 필터 적용x -->
         <!-- 모범 답안 외의 필터 적용 o -->
         or (#searchFT#=4 and #version#="New" and a.CA_TYPE=#study1# and #study2#="전체")
         or (#searchFT#=4 and #version#="New" and a.CA_CATEGORY=#study2# and #study3#="전체")
         or (#searchFT#=4 and #version#="New" and a.CA_TXT=#study3# and #stdPron#="전체")
         or (#searchFT#=4 and #version#="New" and b.SND_FLAG=1 and a.CA_STD_PRON=#stdPron#)
   		 or (#searchFT#=4 and #version#="New" and b.SND_FLAG=2 and c.WA_TXT=#stdPron#)
         or (#searchFT#=4 and #version#="New" and #study1#="전체")
        ) 
      ) 
      or  <!--  학습 완료 --> 
      (b.PS_FLAG=2 and 
        (
         #searchFT#=1  <!-- 모범답안 선택만 함. 그외 필터 적용x -->
         <!-- 모범 답안 외의 필터 적용 o -->
         or (#searchFT#=4 and b.E_VERSION=#version# and a.CA_TYPE=#study1# and #study2#="전체")
         or (#searchFT#=4 and b.E_VERSION=#version# and a.CA_CATEGORY=#study2# and #study3#="전체")
         or (#searchFT#=4 and b.E_VERSION=#version# and a.CA_TXT=#study3# and #stdPron#="전체")
         or (#searchFT#=4 and b.E_VERSION=#version# and b.SND_FLAG=1 and a.CA_STD_PRON=#stdPron#)
   		 or (#searchFT#=4 and b.E_VERSION=#version# and b.SND_FLAG=2 and c.WA_TXT=#stdPron#)
         or (#searchFT#=4 and b.E_VERSION=#version# and #study1#="전체")
        )
       )
    )
   
   ORDER BY (CASE WHEN #sort#="desc" THEN accuracy END) DESC,
   (CASE WHEN #sort#="asc" THEN accuracy END) ASC
   </select> 
   
   <!-- 답안 검색(input) -->
 <!--   <select id="EngineStudyDAO.searchEPS3" parameterClass="esVO" resultClass="egovMap">
    SELECT DISTINCT a.CA_TXT, a.CA_TYPE, a.CA_CATEGORY, b.PS_TIME,
    b.SND_PATH as snd_path, b.PS_NO as snd_key,
   (CASE
   WHEN b.SND_FLAG=1 THEN "모범 답안"
   WHEN b.SND_FLAG=2 THEN "오 답안"
   END) as kind, 
   (CASE
   WHEN b.SND_FLAG=1 THEN a.CA_ACCURACY
   WHEN b.SND_FLAG=2 THEN c.WA_ACCURACY
   END) as accuracy, 
   (CASE
   WHEN b.SND_FLAG=1 THEN a.CA_STD_PRON
   WHEN b.SND_FLAG=2 THEN c.WA_TXT
   END) as pron,
   (CASE
   WHEN b.PS_FLAG=1 THEN "New"
   WHEN b.PS_FLAG=2 THEN b.E_VERSION 
   END) as version
   
   FROM TB_CA_INFO a, TB_PRE_STUDY_LIST b, TB_WA_INFO c
   WHERE a.CA_TXT=#input# 
   and ( 
   (b.SND_FLAG=1 and a.CA_D_FLAG=1 and a.CA_NO=b.S_NO)
   or (b.SND_FLAG=2 and c.WA_D_FLAG=1 and c.WA_NO=b.S_NO and c.CA_NO=a.CA_NO)
   )
   ORDER BY (CASE WHEN #sort#="desc" THEN accuracy END) DESC,
   (CASE WHEN #sort#="asc" THEN accuracy END) ASC
   </select>
	
 -->

	<!--=========================================================================================================================================-->
	<!-- 소연 -->
	
	<!-- 답안관리 리스트 검색 -->
	 <select id="CosamoAnswerManagementDAO.searchAll_AM" parameterClass="amv" resultClass="egovMap">
   SELECT r.CA_NO as no ,"모범답안" as kind,r.CA_TYPE ,r.CA_CATEGORY,r.CA_TXT
   FROM TB_CA_INFO r
   WHERE  r.CA_D_FLAG=1 AND (
         (NOT(#comboS3#='전체') AND  r.CA_TXT=#comboS3#) 
          	OR(#comboS3#='전체' AND NOT(#comboS2#='전체') AND r.CA_CATEGORY=#comboS2#) 
          	OR(#comboS2#='전체' AND NOT(#comboS1#='전체') AND r.CA_TYPE=#comboS1#) 
          	OR (#comboS1#='전체')
          )
    
    
    

   
   </select>

	
	
    <!-- Setting_user 리스트 검색 -->
	<select id="CosamoSettingDAO.searchAll_USER" parameterClass="amv_s_u" resultClass="egovMap">
	SELECT  a.U_NO as uNo,a.U_ID,a.U_NAME,a.U_CLASS,a.SYL_ACC,a.WOR_ACC,a.SEN_ACC,a.U_TIME
	FROM TB_USER_INFO a
	WHERE (#inputSearch#='' AND 1=1 ) OR
			(#comboSearch#='ID' AND a.U_ID=#inputSearch#) OR
			(#comboSearch#='이름' AND a.U_NAME=#inputSearch#) OR
			(#comboSearch#='장애 급수' AND a.U_CLASS=#inputSearch#) OR
			(#comboSearch#='음절 정확도' AND a.SYL_ACC=#inputSearch#) OR
			(#comboSearch#='단어 정확도' AND a.WOR_ACC=#inputSearch#) OR
			(#comboSearch#='문장 정확도' AND a.SEN_ACC=#inputSearch#) 
	</select>

<!-- Setting_path 변경사항 저장 -->
	<statement id="CosamoSettingDAO.searchAll_PATH" parameterClass="amv_s_p" >
	UPDATE TB_SOUND_PATH SET SP_PATH=#userVoice# WHERE SP_FLAG=1;
	UPDATE TB_SOUND_PATH SET SP_PATH=#correctVoice# WHERE SP_FLAG=2;
	UPDATE TB_SOUND_PATH SET SP_PATH=#wrongVoice# WHERE SP_FLAG=3;
	UPDATE TB_VIDEO_PATH SET VP_PATH=#correctVideo# ;
	</statement>
	
<!-- Setting_engine scheduler 활성화 버튼 변경사항 저장 -->
	<statement id="CosamoSettingDAO.searchAll_ES" parameterClass="amv_s_e" >
	UPDATE  TB_ENG_SCHEDULE SET TS_ACTIVATION= 
	CASE WHEN TS_ACTIVATION=1 THEN 2 
	WHEN TS_ACTIVATION=2 THEN 1 END
	WHERE TS_NO=#chArr#;
	UPDATE  TB_ENG_SCHEDULE SET TS_STATUS= 
	CASE WHEN TS_ACTIVATION=2 THEN 3
	WHEN TS_ACTIVATION=1 THEN 5 END
	WHERE TS_NO=#chArr#
	</statement>
	
<!-- 답안관리 회원 삭제(모달) -->
	<statement id="CosamoSettingDAO.searchAll_USERD" parameterClass="amv_s_u_d" resultClass="egovMap">
	DELETE FROM TB_USER_INFO WHERE U_NO=#delete#
	</statement>
	
	<select id="CosamoSettingDAO.searchMod_ES" parameterClass="amv_s_e_s" resultClass="egovMap">
	SELECT TS_VERSION,TS_APPLY_TIME,TS_STUDY_TIME
	FROM  TB_ENG_SCHEDULE
	WHERE TS_NO=#no#
	</select>
	
</sqlMap>