<?xml version="1.0" encoding="UTF-8"?>
<!DOCTYPE sqlMap PUBLIC "-//ibatis.apache.org//DTD SQL Map 2.0//EN" "http://ibatis.apache.org/dtd/sql-map-2.dtd" >
<sqlMap namespace="cosamo">
	<typeAlias alias="egovMap"
		type="egovframework.rte.psl.dataaccess.util.EgovMap" />
	<typeAlias alias="M_VO" type="solugate.cosamo.vo.ManagerVO" />
<typeAlias alias="E_VO" type="solugate.cosamo.vo.EngineStudyVO" />

<!--  로그인 -->
	<select id="CosamoMenuDAO.search_M" parameterClass="M_VO" resultClass="egovMap">
		SELECT M_ID
		FROM TB_MANAGER
		WHERE M_ID = #id# AND M_PWD = #pwd#
	</select>

	<!-- 회원학습이력- 콤보박스 버전 로드 -->
	<select id="CosamoMenuDAO.selectVerComboBox" resultClass="egovMap">
		SELECT e_version
		FROM TB_ENG_VER
	</select>
	
	<!-- 회원학습이력- 콤보박스 ID 로드 -->
	<select id="CosamoMenuDAO.selectIDComboBox" resultClass="egovMap">
		SELECT DISTINCT U_NO,U_ID as id
		FROM TB_USER_INFO
	</select>
	<!-- 회원학습이력- 사용자음성경로로드 -->
	<select id="CosamoMenuDAO.selectSoundPath" resultClass="egovMap">
		SELECT SP_PATH
		FROM TB_SOUND_PATH
		WHERE SP_NO=1
	</select>
	<!--  학습 콤보박스 로드 -->
	<select id="CosamoMenuDAO.studyCombo1" parameterClass="E_VO" resultClass="egovMap">
		SELECT DISTINCT CA_CATEGORY
		FROM TB_CA_INFO
		WHERE CA_TYPE = #study1#
	</select>
	<select id="CosamoMenuDAO.studyCombo2" parameterClass="E_VO" resultClass="egovMap">
		SELECT DISTINCT CA_TXT
		FROM TB_CA_INFO
		WHERE CA_CATEGORY = #study2#
	</select>
		<select id="CosamoMenuDAO.studyCombo3" parameterClass="E_VO" resultClass="egovMap">
		SELECT DISTINCT a.WA_TXT
		FROM TB_WA_INFO a
		WHERE a.CA_NO = (SELECT b.CA_NO FROM TB_CA_INFO b WHERE b.CA_TXT = #study3#)
	</select>
	<select id="CosamoMenuDAO.studyCombo4" parameterClass="E_VO" resultClass="egovMap">
		SELECT DISTINCT CA_STD_PRON
		FROM TB_CA_INFO
		WHERE CA_TXT = #study3#
	</select>
<!-- 결과리스트 초기 로드 -->
	<select id="CosamoMenuDAO.selectAll_RS" resultClass="egovMap">
	
	<!--  	(SELECT 1 as num,1,1 as caType, 1 ,1,	1 ,1, 1,1 ,1 as time,SP_PATH as sp
		FROM TB_SOUND_PATH
		WHERE SP_NO=1)
		UNION ALL-->
	<!-- 음절 -->
		SELECT b.R_NO as num, 1 as num2,  a.U_ID, '음절 연습' as caType , d.CA_CATEGORY , d.CA_TXT ,
		c.WA_TXT ,c.WA_ACCURACY, b.E_VERSION, b.R_SOUND_PATH , b.R_TIME as time,null as sp
		FROM TB_USER_INFO a, TB_SYLLABLE_RESULT b, TB_WA_INFO c , TB_CA_INFO d
		WHERE (b.U_NO=a.U_NO and b.W_NO=c.WA_NO and b.S_NO= d.CA_NO and c.WA_D_FLAG=1 and d.CA_D_FLAG=1)
		
		UNION ALL
	<!-- 단어 -->	
		SELECT b.R_NO as num, 2 as num2,a.U_ID, '단어 연습' as caType , d.CA_CATEGORY , d.CA_TXT ,
		c.WA_TXT ,c.WA_ACCURACY, b.E_VERSION,b.R_SOUND_PATH ,b.R_TIME as time,null as sp
		FROM TB_USER_INFO a, TB_WORD_RESULT b, TB_WA_INFO c , TB_CA_INFO d
		WHERE (b.U_NO=a.U_NO and b.W_NO=c.WA_NO and b.S_NO= d.CA_NO and c.WA_D_FLAG=1 and d.CA_D_FLAG=1)
		
		UNION ALL
	<!-- 문장 -->
		SELECT  b.R_NO as num,3 as num2, a.U_ID, '문장 연습' as caType , d.CA_CATEGORY , d.CA_TXT ,
		c.WA_TXT ,c.WA_ACCURACY, b.E_VERSION, b.R_SOUND_PATH ,b.R_TIME as time,null as sp
		FROM TB_USER_INFO a, TB_SENTENCE_RESULT b, TB_WA_INFO c , TB_CA_INFO d
		WHERE (b.U_NO=a.U_NO and b.W_NO=c.WA_NO and b.S_NO= d.CA_NO and c.WA_D_FLAG=1 and d.CA_D_FLAG=1)
	
		
		
		ORDER BY time DESC
	</select>

	<!-- 학습 완료 답안 초기 로드 -->
	<select id="CosamoMenuDAO.selectAll_ES" resultClass="egovMap">
	SELECT "모범 답안" as kind, a.CA_TXT, a.CA_ACCURACY as accuracy, a.CA_TYPE,
	a.CA_CATEGORY,
	a.CA_STD_PRON, a.CA_TIME as time, b.E_VERSION, b.SND_PATH, b.SND_NO as snd_key
	FROM TB_CA_INFO a, TB_ANS_SOUND b
	WHERE b.SND_FLAG=1 and (a.CA_NO=b.S_NO) and
	a.CA_D_FLAG=1 
	
	UNION ALL
	
	SELECT "오 답안" as kind, e.CA_TXT,
	c.WA_ACCURACY as accuracy, e.CA_TYPE, e.CA_CATEGORY,
	c.WA_TXT, c.WA_TIME as time,
	d.E_VERSION, d.SND_PATH,  d.SND_NO as snd_key
	FROM TB_WA_INFO c , TB_ANS_SOUND d, TB_CA_INFO e
	WHERE
	d.SND_FLAG=2 and (c.CA_NO=e.CA_NO) and (c.WA_NO= d.S_NO) and
	c.WA_D_FLAG=1 
	
	ORDER BY accuracy DESC
	</select>

	<!-- 학습 전 답안 초기 로드 -->
	<select id="CosamoMenuDAO.selectAll_ENS" resultClass="egovMap">
		SELECT "모범 답안" as kind, a.CA_TXT, a.CA_ACCURACY as accuracy, a.CA_TYPE, a.CA_CATEGORY,
		a.CA_STD_PRON, a.CA_TIME as time, b.NC_SOUND_PATH as snd_path, b.NC_NO as snd_key
		FROM TB_CA_INFO a, TB_NOT_STUDIED_CA b
		WHERE a.CA_NO=b.CA_NO
		
		UNION ALL
		
		SELECT "오 답안" as kind, e.CA_TXT,
		c.WA_ACCURACY as accuracy, e.CA_TYPE, e.CA_CATEGORY,
		c.WA_TXT, c.WA_TIME as time, d.NW_SOUND_PATH as snd_path, d.NW_NO as snd_key
		FROM TB_WA_INFO c , TB_NOT_STUDIED_WA d, TB_CA_INFO e
		WHERE
		(c.CA_NO=e.CA_NO) and (c.WA_NO= d.WA_NO)
		ORDER BY accuracy DESC
	</select>

	<!-- 학습 예정 답안 초기 로드 -->
	<select id="CosamoMenuDAO.selectAll_EPS" resultClass="egovMap">
	<!-- 모범 답안 -->
		SELECT "모범 답안" as kind, a.CA_TXT, a.CA_ACCURACY as accuracy,
		a.CA_TYPE,
		a.CA_CATEGORY, a.CA_STD_PRON as pron, a.CA_TIME as time, 
		b.SND_PATH as snd_path, b.PS_NO as snd_key,
		(CASE
		WHEN b.PS_FLAG=1 THEN "New" <!-- 학습 전 -->
		WHEN b.PS_FLAG=2 THEN b.E_VERSION <!-- 학습 완료 -->
		ELSE NULL
		END) as version
		FROM TB_CA_INFO a, TB_PRE_STUDY_LIST b
		WHERE b.SND_FLAG=1 and a.CA_D_FLAG=1 and a.CA_NO=b.S_NO

		UNION ALL

		SELECT "오 답안" as kind, a.CA_TXT,
		c.WA_ACCURACY as accuracy, a.CA_TYPE, a.CA_CATEGORY,
		c.WA_TXT as pron, c.WA_TIME as time,
		b.SND_PATH as snd_path, b.PS_NO as snd_key,
		(CASE
		WHEN b.PS_FLAG=1 THEN NULL <!-- 학습 전 -->
		WHEN b.PS_FLAG=2 THEN b.E_VERSION <!-- 학습 완료 -->
		ELSE NULL
		END) as version
		FROM TB_CA_INFO a, TB_PRE_STUDY_LIST b, TB_WA_INFO c
		WHERE b.SND_FLAG=2 and c.WA_D_FLAG=1
		and c.WA_NO=b.S_NO and a.CA_NO=c.CA_NO

		ORDER BY accuracy DESC
	</select>	

	<!-- 답안관리 버전 초기 로드 -->
	<select id="CosamoMenuDAO.selectVer" resultClass="egovMap">
	SELECT e_version 
	FROM TB_ENG_VER
	</select>

	<!-- 답안관리 리스트 초기 로드 -->
	<select id="CosamoMenuDAO.selectAll_AM" resultClass="egovMap">
	(SELECT r.CA_NO as no,"모범답안" as kind,r.CA_TYPE ,r.CA_CATEGORY,r.CA_TXT
	FROM TB_CA_INFO r
	WHERE  r.CA_D_FLAG=1  )
	
	</select>

	<!-- 환경설정 회원관리 초기 로드 -->
	<select id="CosamoMenuDAO.selectAll_USER" resultClass="egovMap">
	SELECT  a.U_NO,a.U_ID,a.U_NAME,a.U_CLASS,a.SYL_ACC,a.WOR_ACC,a.SEN_ACC,a.U_TIME
	FROM TB_USER_INFO a
	</select>

	<!-- 환경설정 경로설정 초기 로드 -->
	<select id="CosamoMenuDAO.selectSavingPath" resultClass="egovMap">
	SELECT  (SELECT SP_PATH FROM TB_SOUND_PATH WHERE SP_FLAG=1) as uVoice,
		(SELECT SP_PATH FROM TB_SOUND_PATH WHERE SP_FLAG=2) as cVoice,
		(SELECT SP_PATH FROM TB_SOUND_PATH WHERE SP_FLAG=3) as wVoice,
		(SELECT VP_PATH FROM TB_VIDEO_PATH ) as vpPath
	
	
	</select>

	<!-- 환경설정 일정관리 초기 로드 -->
	<select id="CosamoMenuDAO.selectSchedule" resultClass="egovMap">
	SELECT ts_no,ts_version,ts_apply_time,ts_study_time,ts_status,ts_etc,ts_activation
	FROM TB_ENG_SCHEDULE
	</select>


	<!-- 환경설정 일정관리 버전 로드 -->
	<select id="CosamoMenuDAO.selectSchedule_ver" resultClass="egovMap">
	SELECT  MAX(e_version) as eVersion
	FROM TB_ENG_VER
	</select>

</sqlMap>