<?xml version="1.0" encoding="UTF-8"?>
<!DOCTYPE sqlMap PUBLIC "-//ibatis.apache.org//DTD SQL Map 2.0//EN" "http://ibatis.apache.org/dtd/sql-map-2.dtd" >
<sqlMap namespace="cosamo">
	<typeAlias alias="egovMap"
		type="egovframework.rte.psl.dataaccess.util.EgovMap" />
	<typeAlias alias="esVO" type="solugate.cosamo.vo.EngineStudyVO" />
	
	<!-- 학습완료 : TB_ANS_SOUND에서 삭제 -->
	<delete id="EngineStudyDAO.deleteES" parameterClass="esVO">
	DELETE FROM TB_ANS_SOUND WHERE SND_NO=#sndKey#
	</delete>
	
	<!-- 학습전 : TB_NOT 에서 삭제 -->
	<delete id="EngineStudyDAO.deleteENS" parameterClass="esVO">
	DELETE FROM TB_NOT_STUDIED_CA WHERE CA_NO=#sndKey#
	</delete>
	<delete id="EngineStudyDAO.deleteENS2" parameterClass="esVO">
	DELETE FROM TB_NOT_STUDIED_WA WHERE WA_NO=#sndKey#
	</delete>
	
	<!-- 학습예정 : TB_ANS_SOUND에서 삭제 -->
	<delete id="EngineStudyDAO.deleteEPS" parameterClass="esVO">
	DELETE FROM TB_PRE_STUDY_LIST WHERE PS_NO=#sndKey#
	</delete>
	
</sqlMap>